[{"model": "admin.logentry", "pk": 1, "fields": {"action_time": "2023-06-06T17:36:39.669Z", "user": 1, "content_type": 4, "object_id": "2", "object_repr": "Nickname", "action_flag": 1, "change_message": "[{\"added\": {}}]"}}, {"model": "admin.logentry", "pk": 2, "fields": {"action_time": "2023-06-06T17:39:57.320Z", "user": 1, "content_type": 4, "object_id": "2", "object_repr": "Nickname", "action_flag": 2, "change_message": "[{\"changed\": {\"fields\": [\"Staff status\"]}}]"}}, {"model": "admin.logentry", "pk": 3, "fields": {"action_time": "2023-06-06T17:41:52.891Z", "user": 1, "content_type": 4, "object_id": "1", "object_repr": "Admin", "action_flag": 2, "change_message": "[{\"changed\": {\"fields\": [\"Username\", \"Email address\"]}}]"}}, {"model": "admin.logentry", "pk": 4, "fields": {"action_time": "2023-06-06T17:43:45.861Z", "user": 1, "content_type": 4, "object_id": "3", "object_repr": "User1", "action_flag": 1, "change_message": "[{\"added\": {}}]"}}, {"model": "admin.logentry", "pk": 5, "fields": {"action_time": "2023-06-06T17:45:04.529Z", "user": 1, "content_type": 4, "object_id": "3", "object_repr": "User1", "action_flag": 2, "change_message": "[{\"changed\": {\"fields\": [\"Staff status\"]}}]"}}, {"model": "admin.logentry", "pk": 6, "fields": {"action_time": "2023-06-06T17:45:27.939Z", "user": 1, "content_type": 4, "object_id": "4", "object_repr": "User2", "action_flag": 1, "change_message": "[{\"added\": {}}]"}}, {"model": "admin.logentry", "pk": 7, "fields": {"action_time": "2023-06-06T17:45:36.990Z", "user": 1, "content_type": 4, "object_id": "4", "object_repr": "User2", "action_flag": 2, "change_message": "[{\"changed\": {\"fields\": [\"Staff status\"]}}]"}}, {"model": "admin.logentry", "pk": 8, "fields": {"action_time": "2023-06-06T17:45:58.685Z", "user": 1, "content_type": 4, "object_id": "5", "object_repr": "User3", "action_flag": 1, "change_message": "[{\"added\": {}}]"}}, {"model": "admin.logentry", "pk": 9, "fields": {"action_time": "2023-06-06T17:46:06.246Z", "user": 1, "content_type": 4, "object_id": "5", "object_repr": "User3", "action_flag": 2, "change_message": "[]"}}, {"model": "admin.logentry", "pk": 10, "fields": {"action_time": "2023-06-06T17:46:33.053Z", "user": 1, "content_type": 4, "object_id": "6", "object_repr": "User4", "action_flag": 1, "change_message": "[{\"added\": {}}]"}}, {"model": "admin.logentry", "pk": 11, "fields": {"action_time": "2023-06-06T17:46:45.085Z", "user": 1, "content_type": 4, "object_id": "6", "object_repr": "User4", "action_flag": 2, "change_message": "[]"}}, {"model": "admin.logentry", "pk": 12, "fields": {"action_time": "2023-06-06T18:03:32.927Z", "user": 1, "content_type": 3, "object_id": "1", "object_repr": "views", "action_flag": 1, "change_message": "[{\"added\": {}}]"}}, {"model": "admin.logentry", "pk": 13, "fields": {"action_time": "2023-06-06T18:05:17.198Z", "user": 1, "content_type": 4, "object_id": "3", "object_repr": "User1", "action_flag": 2, "change_message": "[{\"changed\": {\"fields\": [\"Groups\"]}}]"}}, {"model": "admin.logentry", "pk": 14, "fields": {"action_time": "2023-06-06T18:05:24.761Z", "user": 1, "content_type": 4, "object_id": "4", "object_repr": "User2", "action_flag": 2, "change_message": "[{\"changed\": {\"fields\": [\"Groups\"]}}]"}}, {"model": "admin.logentry", "pk": 15, "fields": {"action_time": "2023-06-06T18:05:33.232Z", "user": 1, "content_type": 4, "object_id": "5", "object_repr": "User3", "action_flag": 2, "change_message": "[{\"changed\": {\"fields\": [\"Groups\"]}}]"}}, {"model": "admin.logentry", "pk": 16, "fields": {"action_time": "2023-06-06T18:05:41.843Z", "user": 1, "content_type": 4, "object_id": "6", "object_repr": "User4", "action_flag": 2, "change_message": "[{\"changed\": {\"fields\": [\"Groups\"]}}]"}}, {"model": "admin.logentry", "pk": 17, "fields": {"action_time": "2023-06-07T15:25:13.282Z", "user": 1, "content_type": 8, "object_id": "1", "object_repr": "Vegetables", "action_flag": 1, "change_message": "[{\"added\": {}}]"}}, {"model": "admin.logentry", "pk": 18, "fields": {"action_time": "2023-06-07T15:25:27.339Z", "user": 1, "content_type": 8, "object_id": "2", "object_repr": "Fuits", "action_flag": 1, "change_message": "[{\"added\": {}}]"}}, {"model": "admin.logentry", "pk": 19, "fields": {"action_time": "2023-06-07T15:25:36.748Z", "user": 1, "content_type": 8, "object_id": "3", "object_repr": "Juice", "action_flag": 1, "change_message": "[{\"added\": {}}]"}}, {"model": "admin.logentry", "pk": 20, "fields": {"action_time": "2023-06-07T15:25:44.842Z", "user": 1, "content_type": 8, "object_id": "4", "object_repr": "Dried", "action_flag": 1, "change_message": "[{\"added\": {}}]"}}, {"model": "admin.logentry", "pk": 21, "fields": {"action_time": "2023-06-07T15:33:45.583Z", "user": 1, "content_type": 7, "object_id": "1", "object_repr": "Bell Pepper", "action_flag": 1, "change_message": "[{\"added\": {}}]"}}, {"model": "admin.logentry", "pk": 22, "fields": {"action_time": "2023-06-07T15:35:02.623Z", "user": 1, "content_type": 7, "object_id": "2", "object_repr": "Strawberry", "action_flag": 1, "change_message": "[{\"added\": {}}]"}}, {"model": "admin.logentry", "pk": 23, "fields": {"action_time": "2023-06-07T15:36:30.507Z", "user": 1, "content_type": 7, "object_id": "3", "object_repr": "Green Beans", "action_flag": 1, "change_message": "[{\"added\": {}}]"}}, {"model": "admin.logentry", "pk": 24, "fields": {"action_time": "2023-06-07T15:37:38.045Z", "user": 1, "content_type": 7, "object_id": "4", "object_repr": "Purple Cabbage", "action_flag": 1, "change_message": "[{\"added\": {}}]"}}, {"model": "admin.logentry", "pk": 25, "fields": {"action_time": "2023-06-07T15:38:11.072Z", "user": 1, "content_type": 7, "object_id": "5", "object_repr": "Tomatoe", "action_flag": 1, "change_message": "[{\"added\": {}}]"}}, {"model": "admin.logentry", "pk": 26, "fields": {"action_time": "2023-06-07T15:40:23.282Z", "user": 1, "content_type": 7, "object_id": "6", "object_repr": "Brocolli", "action_flag": 1, "change_message": "[{\"added\": {}}]"}}, {"model": "admin.logentry", "pk": 27, "fields": {"action_time": "2023-06-07T16:46:47.840Z", "user": 1, "content_type": 9, "object_id": "1", "object_repr": "Bell Pepper_30%_2023-06-12 00:00:00+00:00", "action_flag": 1, "change_message": "[{\"added\": {}}]"}}, {"model": "admin.logentry", "pk": 28, "fields": {"action_time": "2023-06-07T16:47:09.181Z", "user": 1, "content_type": 9, "object_id": "2", "object_repr": "Tomatoe_30%_2023-06-13 00:00:00+00:00", "action_flag": 1, "change_message": "[{\"added\": {}}]"}}, {"model": "admin.logentry", "pk": 29, "fields": {"action_time": "2023-06-07T16:47:57.323Z", "user": 1, "content_type": 9, "object_id": "3", "object_repr": "Onion_30%_2023-06-13 00:00:00+00:00", "action_flag": 1, "change_message": "[{\"added\": {}}]"}}, {"model": "admin.logentry", "pk": 30, "fields": {"action_time": "2023-06-18T14:18:40.084Z", "user": 1, "content_type": 4, "object_id": "7", "object_repr": "UserVPN", "action_flag": 1, "change_message": "[{\"added\": {}}]"}}, {"model": "admin.logentry", "pk": 31, "fields": {"action_time": "2023-06-18T14:19:10.920Z", "user": 1, "content_type": 4, "object_id": "7", "object_repr": "UserVPN", "action_flag": 2, "change_message": "[{\"changed\": {\"fields\": [\"Last login\"]}}]"}}, {"model": "auth.permission", "pk": 1, "fields": {"name": "Can add log entry", "content_type": 1, "codename": "add_logentry"}}, {"model": "auth.permission", "pk": 2, "fields": {"name": "Can change log entry", "content_type": 1, "codename": "change_logentry"}}, {"model": "auth.permission", "pk": 3, "fields": {"name": "Can delete log entry", "content_type": 1, "codename": "delete_logentry"}}, {"model": "auth.permission", "pk": 4, "fields": {"name": "Can view log entry", "content_type": 1, "codename": "view_logentry"}}, {"model": "auth.permission", "pk": 5, "fields": {"name": "Can add permission", "content_type": 2, "codename": "add_permission"}}, {"model": "auth.permission", "pk": 6, "fields": {"name": "Can change permission", "content_type": 2, "codename": "change_permission"}}, {"model": "auth.permission", "pk": 7, "fields": {"name": "Can delete permission", "content_type": 2, "codename": "delete_permission"}}, {"model": "auth.permission", "pk": 8, "fields": {"name": "Can view permission", "content_type": 2, "codename": "view_permission"}}, {"model": "auth.permission", "pk": 9, "fields": {"name": "Can add group", "content_type": 3, "codename": "add_group"}}, {"model": "auth.permission", "pk": 10, "fields": {"name": "Can change group", "content_type": 3, "codename": "change_group"}}, {"model": "auth.permission", "pk": 11, "fields": {"name": "Can delete group", "content_type": 3, "codename": "delete_group"}}, {"model": "auth.permission", "pk": 12, "fields": {"name": "Can view group", "content_type": 3, "codename": "view_group"}}, {"model": "auth.permission", "pk": 13, "fields": {"name": "Can add user", "content_type": 4, "codename": "add_user"}}, {"model": "auth.permission", "pk": 14, "fields": {"name": "Can change user", "content_type": 4, "codename": "change_user"}}, {"model": "auth.permission", "pk": 15, "fields": {"name": "Can delete user", "content_type": 4, "codename": "delete_user"}}, {"model": "auth.permission", "pk": 16, "fields": {"name": "Can view user", "content_type": 4, "codename": "view_user"}}, {"model": "auth.permission", "pk": 17, "fields": {"name": "Can add content type", "content_type": 5, "codename": "add_contenttype"}}, {"model": "auth.permission", "pk": 18, "fields": {"name": "Can change content type", "content_type": 5, "codename": "change_contenttype"}}, {"model": "auth.permission", "pk": 19, "fields": {"name": "Can delete content type", "content_type": 5, "codename": "delete_contenttype"}}, {"model": "auth.permission", "pk": 20, "fields": {"name": "Can view content type", "content_type": 5, "codename": "view_contenttype"}}, {"model": "auth.permission", "pk": 21, "fields": {"name": "Can add session", "content_type": 6, "codename": "add_session"}}, {"model": "auth.permission", "pk": 22, "fields": {"name": "Can change session", "content_type": 6, "codename": "change_session"}}, {"model": "auth.permission", "pk": 23, "fields": {"name": "Can delete session", "content_type": 6, "codename": "delete_session"}}, {"model": "auth.permission", "pk": 24, "fields": {"name": "Can view session", "content_type": 6, "codename": "view_session"}}, {"model": "auth.permission", "pk": 25, "fields": {"name": "Can add product", "content_type": 7, "codename": "add_product"}}, {"model": "auth.permission", "pk": 26, "fields": {"name": "Can change product", "content_type": 7, "codename": "change_product"}}, {"model": "auth.permission", "pk": 27, "fields": {"name": "Can delete product", "content_type": 7, "codename": "delete_product"}}, {"model": "auth.permission", "pk": 28, "fields": {"name": "Can view product", "content_type": 7, "codename": "view_product"}}, {"model": "auth.permission", "pk": 29, "fields": {"name": "Can add category", "content_type": 8, "codename": "add_category"}}, {"model": "auth.permission", "pk": 30, "fields": {"name": "Can change category", "content_type": 8, "codename": "change_category"}}, {"model": "auth.permission", "pk": 31, "fields": {"name": "Can delete category", "content_type": 8, "codename": "delete_category"}}, {"model": "auth.permission", "pk": 32, "fields": {"name": "Can view category", "content_type": 8, "codename": "view_category"}}, {"model": "auth.permission", "pk": 33, "fields": {"name": "Can add discount", "content_type": 9, "codename": "add_discount"}}, {"model": "auth.permission", "pk": 34, "fields": {"name": "Can change discount", "content_type": 9, "codename": "change_discount"}}, {"model": "auth.permission", "pk": 35, "fields": {"name": "Can delete discount", "content_type": 9, "codename": "delete_discount"}}, {"model": "auth.permission", "pk": 36, "fields": {"name": "Can view discount", "content_type": 9, "codename": "view_discount"}}, {"model": "auth.permission", "pk": 37, "fields": {"name": "Can add cart", "content_type": 10, "codename": "add_cart"}}, {"model": "auth.permission", "pk": 38, "fields": {"name": "Can change cart", "content_type": 10, "codename": "change_cart"}}, {"model": "auth.permission", "pk": 39, "fields": {"name": "Can delete cart", "content_type": 10, "codename": "delete_cart"}}, {"model": "auth.permission", "pk": 40, "fields": {"name": "Can view cart", "content_type": 10, "codename": "view_cart"}}, {"model": "auth.permission", "pk": 41, "fields": {"name": "Can add category", "content_type": 7, "codename": "add_category"}}, {"model": "auth.permission", "pk": 42, "fields": {"name": "Can change category", "content_type": 7, "codename": "change_category"}}, {"model": "auth.permission", "pk": 43, "fields": {"name": "Can delete category", "content_type": 7, "codename": "delete_category"}}, {"model": "auth.permission", "pk": 44, "fields": {"name": "Can view category", "content_type": 7, "codename": "view_category"}}, {"model": "auth.permission", "pk": 45, "fields": {"name": "Can add product", "content_type": 8, "codename": "add_product"}}, {"model": "auth.permission", "pk": 46, "fields": {"name": "Can change product", "content_type": 8, "codename": "change_product"}}, {"model": "auth.permission", "pk": 47, "fields": {"name": "Can delete product", "content_type": 8, "codename": "delete_product"}}, {"model": "auth.permission", "pk": 48, "fields": {"name": "Can view product", "content_type": 8, "codename": "view_product"}}, {"model": "auth.permission", "pk": 49, "fields": {"name": "Can add profile", "content_type": 11, "codename": "add_profile"}}, {"model": "auth.permission", "pk": 50, "fields": {"name": "Can change profile", "content_type": 11, "codename": "change_profile"}}, {"model": "auth.permission", "pk": 51, "fields": {"name": "Can delete profile", "content_type": 11, "codename": "delete_profile"}}, {"model": "auth.permission", "pk": 52, "fields": {"name": "Can view profile", "content_type": 11, "codename": "view_profile"}}, {"model": "auth.group", "pk": 1, "fields": {"name": "views", "permissions": [4, 12, 8, 16, 20, 24]}}, {"model": "auth.user", "pk": 1, "fields": {"password": "pbkdf2_sha256$600000$ykKJGpx0IZgKjpGOjwAbY8$vrkH2O148MdiWFjVznZQNB3CW+GwSffGDuSPrHADtsY=", "last_login": "2023-06-20T15:27:30.318Z", "is_superuser": true, "username": "Admin", "first_name": "", "last_name": "", "email": "", "is_staff": true, "is_active": true, "date_joined": "2023-06-06T17:22:14Z", "groups": [], "user_permissions": []}}, {"model": "auth.user", "pk": 2, "fields": {"password": "pbkdf2_sha256$600000$lRJk3ENnkAHhlcZ1OfyJ2T$njhxnhv48XYCpeB0NMIMf+BeGuEkkdOMoawsilBIGXM=", "last_login": "2023-06-06T18:09:50.362Z", "is_superuser": false, "username": "Nickname", "first_name": "", "last_name": "", "email": "", "is_staff": true, "is_active": true, "date_joined": "2023-06-06T17:36:38Z", "groups": [], "user_permissions": []}}, {"model": "auth.user", "pk": 3, "fields": {"password": "pbkdf2_sha256$600000$cpOjXzDnkvJuqjttwqI8p9$YyADuqF2w8GbQgf2cnSPCfNs/ItXCCaSZz/b6ahnluQ=", "last_login": "2023-06-08T18:22:32.270Z", "is_superuser": false, "username": "User1", "first_name": "", "last_name": "", "email": "", "is_staff": true, "is_active": true, "date_joined": "2023-06-06T17:43:44Z", "groups": [1], "user_permissions": []}}, {"model": "auth.user", "pk": 4, "fields": {"password": "pbkdf2_sha256$600000$apg94xmyJSB8bGNMJRqhcO$EYlGaltGghKf3C485GvwCgh+E2/WE10XcLGrMdtpzh4=", "last_login": null, "is_superuser": false, "username": "User2", "first_name": "", "last_name": "", "email": "", "is_staff": true, "is_active": true, "date_joined": "2023-06-06T17:45:26Z", "groups": [1], "user_permissions": []}}, {"model": "auth.user", "pk": 5, "fields": {"password": "pbkdf2_sha256$600000$nfxlYVREURANZiMKlWBY4B$Z+P76PxgAIH7NyJpfRzrVfGBEJDTotNGdhvPW64O64g=", "last_login": null, "is_superuser": false, "username": "User3", "first_name": "", "last_name": "", "email": "", "is_staff": false, "is_active": true, "date_joined": "2023-06-06T17:45:57Z", "groups": [1], "user_permissions": []}}, {"model": "auth.user", "pk": 6, "fields": {"password": "pbkdf2_sha256$600000$g48iDAho3M8DQMRbS3dFaX$B18G77ntJH1An9r6RS9NoxF0yiqbOx36bxYBXm/Qcmg=", "last_login": "2023-06-18T14:54:37.498Z", "is_superuser": false, "username": "User4", "first_name": "", "last_name": "", "email": "", "is_staff": false, "is_active": true, "date_joined": "2023-06-06T17:46:32Z", "groups": [1], "user_permissions": []}}, {"model": "auth.user", "pk": 7, "fields": {"password": "pbkdf2_sha256$600000$tbD3NtSXrZ6kGy0aQHjXtY$pjR05Yciyc7Q+NNaQRJATW+ruz0JuOdt4fwVGYBWRyM=", "last_login": "2023-06-18T18:25:14.740Z", "is_superuser": false, "username": "UserVPN", "first_name": "", "last_name": "", "email": "", "is_staff": false, "is_active": true, "date_joined": "2023-06-18T14:18:38Z", "groups": [], "user_permissions": []}}, {"model": "contenttypes.contenttype", "pk": 1, "fields": {"app_label": "admin", "model": "logentry"}}, {"model": "contenttypes.contenttype", "pk": 2, "fields": {"app_label": "auth", "model": "permission"}}, {"model": "contenttypes.contenttype", "pk": 3, "fields": {"app_label": "auth", "model": "group"}}, {"model": "contenttypes.contenttype", "pk": 4, "fields": {"app_label": "auth", "model": "user"}}, {"model": "contenttypes.contenttype", "pk": 5, "fields": {"app_label": "contenttypes", "model": "contenttype"}}, {"model": "contenttypes.contenttype", "pk": 6, "fields": {"app_label": "sessions", "model": "session"}}, {"model": "contenttypes.contenttype", "pk": 7, "fields": {"app_label": "store", "model": "category"}}, {"model": "contenttypes.contenttype", "pk": 8, "fields": {"app_label": "store", "model": "product"}}, {"model": "contenttypes.contenttype", "pk": 9, "fields": {"app_label": "store", "model": "discount"}}, {"model": "contenttypes.contenttype", "pk": 10, "fields": {"app_label": "store", "model": "cart"}}, {"model": "contenttypes.contenttype", "pk": 11, "fields": {"app_label": "store", "model": "profile"}}, {"model": "sessions.session", "pk": "q2u71h0wa0e1p3txzuhy1ukdhj2v40nq", "fields": {"session_data": ".eJxVi0EOwiAQRe_C2jRQSkfcWQ9CZpghGKMmpayMd3dMutDle__9l0nYt5p6kzVd2ZyMM4dfR5hv8vgObXuuMuzchktXcT9ruOzJ369iq3qyxMWBncCjKwUCUxwzopvZz1Ti5L0TBYhwtMLig-RoZRQhjSMF8_4A2201QQ:1qBdGU:HSySMEASfGz-vyJv73hmrZeHOV_kEMSRHxdVXtNO0mk", "expire_date": "2023-07-04T15:27:30.402Z"}}, {"model": "store.category", "pk": 1, "fields": {"name": "Vegetables"}}, {"model": "store.category", "pk": 2, "fields": {"name": "Fruits"}}, {"model": "store.category", "pk": 3, "fields": {"name": "Juice"}}, {"model": "store.category", "pk": 4, "fields": {"name": "Dried"}}, {"model": "store.product", "pk": 1, "fields": {"name": "Bell Pepper", "description": "Болгарский перец", "price": "120.00", "image": "static/products/product-1.jpg", "category": 1, "created_time": "2023-06-07T15:33:45.580Z", "updated_time": "2023-06-07T15:33:45.580Z"}}, {"model": "store.product", "pk": 2, "fields": {"name": "Strawberry", "description": "Клубника", "price": "120.00", "image": "static/products/category-2.jpg", "category": 2, "created_time": "2023-06-07T15:35:02.599Z", "updated_time": "2023-06-07T15:35:02.599Z"}}, {"model": "store.product", "pk": 3, "fields": {"name": "Green Beans", "description": "Зеленый горох", "price": "120.00", "image": "static/products/product-3.jpg", "category": 1, "created_time": "2023-06-07T15:36:30.490Z", "updated_time": "2023-06-07T15:36:30.490Z"}}, {"model": "store.product", "pk": 4, "fields": {"name": "Purple Cabbage", "description": "Фиолетовая капуста", "price": "120.00", "image": "static/products/product-4.jpg", "category": 1, "created_time": "2023-06-07T15:37:38.041Z", "updated_time": "2023-06-07T15:37:38.041Z"}}, {"model": "store.product", "pk": 5, "fields": {"name": "Tomatoe", "description": "Томат", "price": "120.00", "image": "static/products/product-5.jpg", "category": 1, "created_time": "2023-06-07T15:38:11.030Z", "updated_time": "2023-06-07T15:38:11.030Z"}}, {"model": "store.product", "pk": 6, "fields": {"name": "Brocolli", "description": "Брокколи", "price": "120.00", "image": "static/products/product-6.jpg", "category": 1, "created_time": "2023-06-07T15:40:23.272Z", "updated_time": "2023-06-07T15:40:23.272Z"}}, {"model": "store.product", "pk": 7, "fields": {"name": "Chilli", "description": "Перец Чили", "price": "120.00", "image": "static/products/product-12.jpg", "category": 1, "created_time": "2023-06-07T16:10:36.579Z", "updated_time": "2023-06-07T16:10:36.579Z"}}, {"model": "store.product", "pk": 8, "fields": {"name": "Carrots", "description": "Морковь", "price": "120.00", "image": "static/products/product-7.jpg", "category": 1, "created_time": "2023-06-07T16:13:02.556Z", "updated_time": "2023-06-07T16:13:02.556Z"}}, {"model": "store.product", "pk": 9, "fields": {"name": "Fruit Juice", "description": "Фруктовый сок", "price": "120.00", "image": "static/products/product-8.jpg", "category": 3, "created_time": "2023-06-07T16:13:02.708Z", "updated_time": "2023-06-07T16:13:02.708Z"}}, {"model": "store.product", "pk": 10, "fields": {"name": "Onion", "description": "Лук", "price": "120.00", "image": "static/products/product-9.jpg", "category": 1, "created_time": "2023-06-07T16:28:43.447Z", "updated_time": "2023-06-07T16:28:43.447Z"}}, {"model": "store.product", "pk": 11, "fields": {"name": "Apple", "description": "Яблоко", "price": "120.00", "image": "static/products/product-10.jpg", "category": 2, "created_time": "2023-06-07T16:28:43.447Z", "updated_time": "2023-06-07T16:28:43.447Z"}}, {"model": "store.product", "pk": 12, "fields": {"name": "Garlic", "description": "Чеснок", "price": "120.00", "image": "static/products/product-11.jpg", "category": 1, "created_time": "2023-06-07T16:28:43.447Z", "updated_time": "2023-06-07T16:28:43.447Z"}}, {"model": "store.discount", "pk": 1, "fields": {"product": 1, "value": 30, "date_begin": "2023-06-07T16:46:09Z", "date_end": "2023-06-12T00:00:00Z"}}, {"model": "store.discount", "pk": 2, "fields": {"product": 5, "value": 30, "date_begin": "2023-06-07T00:00:00Z", "date_end": "2023-06-13T00:00:00Z"}}, {"model": "store.discount", "pk": 3, "fields": {"product": 10, "value": 30, "date_begin": "2023-06-07T00:00:00Z", "date_end": "2023-06-13T00:00:00Z"}}, {"model": "store.cart", "pk": 2, "fields": {"user": 1, "quantity": 9, "product": 2}}, {"model": "store.cart", "pk": 3, "fields": {"user": 1, "quantity": 1, "product": 5}}, {"model": "store.cart", "pk": 4, "fields": {"user": 1, "quantity": 10, "product": 5}}, {"model": "store.cart", "pk": 5, "fields": {"user": 1, "quantity": 1, "product": 5}}, {"model": "store.cart", "pk": 7, "fields": {"user": 1, "quantity": 7, "product": 10}}, {"model": "store.cart", "pk": 8, "fields": {"user": 1, "quantity": 12, "product": 11}}, {"model": "store.profile", "pk": 1, "fields": {"user": 7, "address": null, "phone_number": null}}, {"model": "store.profile", "pk": 2, "fields": {"user": 1, "address": null, "phone_number": null}}, {"model": "store.profile", "pk": 3, "fields": {"user": 2, "address": null, "phone_number": null}}, {"model": "store.profile", "pk": 4, "fields": {"user": 3, "address": null, "phone_number": null}}, {"model": "store.profile", "pk": 5, "fields": {"user": 4, "address": null, "phone_number": null}}, {"model": "store.profile", "pk": 6, "fields": {"user": 5, "address": null, "phone_number": null}}, {"model": "store.profile", "pk": 7, "fields": {"user": 6, "address": null, "phone_number": "+79218967191"}}]